cluster_A,cluster_B,overlap
0,1,0.9664323329925537
0,2,0.9251399040222168
0,3,0.9448884129524231
1,2,0.9288995265960693
1,3,0.9571437835693359
2,3,0.9027228355407715
